"crossover","mutation","elitism","mutation_prob","crossover_prob","best_fitness","best_solution","time_taken","map_id"
"order","inverse_mutation",0.2,0.2,0.6,-3613.12912441221,"25|27|23|7|8|16|24|12|1|6|13|11|9|5|4|2|14|22|18|3|17|29|26|20|10|15|21|19|28",14.2171831130981,"bayg29"
"order","inverse_mutation",0.3,0.2,0.6,-3613.24809938347,"18|22|14|2|4|5|9|11|6|1|12|24|16|8|7|23|27|25|28|19|13|21|15|10|20|26|29|17|3",13.1003029346466,"bayg29"
"maximal_preservative","insert_mutation",0.3,0.2,0.9,-3613.5310310588,"21|6|6|1|1|12|12|24|24|16|16|8|8|7|7|23|23|27|27|25|25|28|28|19|19|13|13|11|11|9|9|5|5|4|4|2|2|14|14|22|22|18|18|3|3|17|17|29|29|26|26|20|20|10|10|15|15|21",25.9409809112549,"bayg29"
"order","inverse_mutation",0.2,0.2,0.6,-7986.68315730195,"35|44|34|49|1|22|32|45|19|41|8|9|10|43|33|51|12|11|52|14|13|27|28|26|47|29|30|42|7|2|21|17|3|18|31|23|20|50|16|46|25|4|6|15|5|24|48|38|37|40|39|36",19.2771649360657,"berlin52"
"order","inverse_mutation",0.3,0.2,0.6,-8031.07778167549,"21|17|3|31|18|22|1|49|32|45|19|41|8|9|10|33|43|38|40|39|36|35|34|44|37|48|24|5|15|6|4|25|12|51|11|52|13|14|47|26|27|28|46|16|29|50|20|23|30|2|7|42",19.182245016098,"berlin52"
"maximal_preservative","insert_mutation",0.3,0.2,0.9,-8975.65576247103,"1|18|17|7|2|42|30|21|31|3|8|10|9|41|19|45|32|22|23|20|50|35|36|39|40|43|33|51|12|11|52|14|13|27|28|26|47|29|16|44|37|38|48|24|5|15|6|4|25|46|34|49",42.0289499759674,"berlin52"
"order","inverse_mutation",0.2,0.2,0.6,-15277.9523158484,"32|98|70|217|35|76|219|31|73|47|127|132|126|146|170|122|182|88|87|153|154|142|143|144|201|136|135|134|162|183|139|160|129|83|92|91|123|169|63|149|174|175|114|180|173|199|66|62|116|115|69|33|40|10|18|16|21|203|19|1|200|5|3|4|194|218|51|57|2|133|49|205|111|110|109|81|221|77|209|85|75|72|53|48|8|74|52|190|185|186|108|15|22|17|20|54|192|71|101|99|131|102|67|100|94|107|216|97|78|95|65|104|220|86|222|213|165|130|79|206|29|24|13|204|36|28|37|12|9|14|208|25|43|196|223|117|112|68|96|215|161|179|181|178|176|177|184|120|125|187|188|124|118|56|106|82|210|105|212|168|121|119|171|27|59|50|46|224|225|6|198|7|197|42|38|39|23|44|195|45|193|191|61|113|60|207|64|211|167|214|150|147|145|148|151|137|159|163|157|156|155|158|138|166|172|103|89|93|80|202|26|30|34|90|84|164|152|141|140|128|58|55|189|41|11",82.452526807785,"tsp225"
"order","inverse_mutation",0.3,0.2,0.6,-16065.25431187,"124|186|225|45|197|218|42|68|32|202|77|217|78|36|21|17|20|10|67|220|126|151|172|176|147|166|182|180|117|188|109|102|73|74|70|69|170|125|150|155|138|136|137|140|142|139|210|159|213|143|183|160|161|162|144|201|214|105|101|76|86|90|132|135|148|127|128|98|92|94|96|62|61|187|185|120|113|189|27|41|6|5|19|111|122|171|108|40|25|24|203|12|22|18|16|100|80|95|81|28|97|216|204|15|14|13|26|37|23|34|33|35|208|54|53|192|205|133|196|191|46|43|44|7|198|3|194|195|8|38|39|11|206|29|31|71|190|2|207|48|4|1|200|9|115|223|169|146|106|75|118|72|181|179|174|173|177|178|152|157|149|164|158|104|50|58|199|110|123|153|141|212|55|52|99|215|165|156|145|91|79|30|222|134|154|168|163|121|119|175|47|51|116|184|114|112|65|84|89|103|63|64|193|49|224|57|66|59|56|209|82|88|83|85|131|60|221|219|93|130|211|107|87|167|129",82.5548870563507,"tsp225"
"maximal_preservative","insert_mutation",0.3,0.2,0.9,-16327.6725437078,"132|201|177|179|185|111|156|148|181|182|180|196|7|131|213|161|142|155|136|162|178|176|174|188|52|69|64|46|41|31|204|80|94|88|220|65|108|171|170|143|164|85|37|24|208|25|38|32|35|36|18|71|50|74|98|30|28|99|190|63|166|157|167|61|62|123|90|83|209|101|26|23|20|15|13|43|53|66|122|184|223|114|115|117|121|172|195|197|39|76|73|103|70|47|202|79|215|107|210|82|128|87|168|144|141|81|106|67|104|68|54|217|77|206|10|12|78|33|29|221|91|211|84|120|113|154|173|186|187|49|225|58|175|110|56|218|192|51|2|124|125|126|127|163|134|57|59|214|147|137|130|165|160|145|150|169|212|112|118|119|27|207|116|60|89|97|219|194|5|6|75|216|55|48|45|224|189|199|193|9|40|42|44|205|191|133|8|198|4|1|3|200|19|17|14|21|22|16|203|11|34|102|105|72|100|96|93|92|95|86|222|129|151|158|183|135|153|152|149|146|140|139|138|159|109",219.228540182114,"tsp225"
